candidate_site_id,region,traffic_index,household_income_index,competition_index,rent_cost
1,BC,1.1081830841605789,1.2344980931076606,0.5548873169876478,35105.27473470114
2,Ontario,1.32347173791823,1.1174110448834276,0.6198799089286126,36912.010029675745
3,Prairies,1.3368906435680357,1.3784395531153781,1.2023094660641394,98891.97784346776
4,Ontario,1.1758040034726942,1.0812525242782332,0.5440755827380208,41584.71803542864
5,Ontario,1.0268624375167552,1.2866635798592008,1.200206788103221,92424.070709034
6,Prairies,1.237021151843838,1.3191661221582223,0.919875436185879,91678.21310810371
7,Prairies,1.20197426388287,1.1779057595918603,0.8693717557301528,74674.22856869039
8,BC,1.3720658845865397,0.8281469862690982,0.6539251348150461,116237.653923003
